deadly_accidents,deaths,jurisdiction,other_accidents,other_injured,serious_accidents,seriously_injured,year
42,43,Γ.Π.Α.Δ. ΑΝΑΤΟΛΙΚΗΣ ΜΑΚΕΔΟΝΙΑΣ & ΘΡΑΚΗΣ,356,507,66,80,2014
191,199,Γ.Π.Α.Δ. ΑΤΤΙΚΗΣ,5865,7265,239,277,2014
16,16,Γ.Π.Α.Δ. ΒΟΡΕΙΟΥ ΑΙΓΑΙΟΥ,57,79,15,17,2014
72,80,Γ.Π.Α.Δ. ΔΥΤΙΚΗΣ ΕΛΛΑΔΑΣ,325,526,58,69,2014
18,18,Γ.Π.Α.Δ. ΔΥΤΙΚΗΣ ΜΑΚΕΔΟΝΙΑΣ,44,100,13,23,2014
30,30,Γ.Π.Α.Δ. ΗΠΕΙΡΟΥ,76,168,37,49,2014
53,60,Γ.Π.Α.Δ. ΘΕΣΣΑΛΙΑΣ,167,236,38,45,2014
50,54,Γ.Π.Α.Δ. ΘΕΣΣΑΛΟΝΙΚΗΣ,1707,2173,52,63,2014
13,13,Γ.Π.Α.Δ. ΙΟΝΙΩΝ ΝΗΣΩΝ,118,174,28,32,2014
65,72,Γ.Π.Α.Δ. ΚΕΝΤΡΙΚΗΣ ΜΑΚΕΔΟΝΙΑΣ,279,479,59,70,2014
48,57,Γ.Π.Α.Δ. ΚΡΗΤΗΣ,102,151,50,59,2014
40,40,Γ.Π.Α.Δ. ΝΟΤΙΟΥ ΑΙΓΑΙΟΥ,178,259,108,126,2014
58,64,Γ.Π.Α.Δ. ΠΕΛΟΠΟΝΝΗΣΟΥ,462,661,85,100,2014
48,52,Γ.Π.Α.Δ. ΣΤΕΡΕΑΣ ΕΛΛΑΔΑΣ,301,438,47,58,2014
34,36,Γ.Π.Α.Δ. ΑΝΑΤΟΛΙΚΗΣ ΜΑΚΕΔΟΝΙΑΣ ΚΑΙ ΘΡΑΚΗΣ,397,581,58,64,2015
213,224,Γ.Π.Α.Δ. ΑΤΤΙΚΗΣ,5392,6622,226,252,2015
14,14,Γ.Π.Α.Δ. ΒΟΡΕΙΟΥ ΑΙΓΑΙΟΥ,43,77,32,39,2015
70,74,Γ.Π.Α.Δ. ΔΥΤΙΚΗΣ ΕΛΛΑΔΑΣ,437,639,61,69,2015
15,19,Γ.Π.Α.Δ. ΔΥΤΙΚΗΣ ΜΑΚΕΔΟΝΙΑΣ ,68,100,16,20,2015
20,20,Γ.Π.Α.Δ. ΗΠΕΙΡΟΥ,73,118,28,31,2015
30,31,Γ.Π.Α.Δ. ΘΕΣΣΑΛΙΑΣ,168,236,35,43,2015
51,56,Γ.Π.Α.Δ. ΘΕΣΣΑΛΟΝΙΚΗΣ,1794,2276,52,56,2015
19,19,Γ.Π.Α.Δ. ΙΟΝΙΩΝ ΝΗΣΩΝ,148,195,22,25,2015
58,67,Γ.Π.Α.Δ. ΚΕΝΤΡΙΚΗΣ ΜΑΚΕΔΟΝΙΑΣ,303,491,57,77,2015
58,62,Γ.Π.Α.Δ. ΚΡΗΤΗΣ,84,139,54,61,2015
41,43,Γ.Π.Α.Δ. ΝΟΤΙΟΥ ΑΙΓΑΙΟΥ,182,293,121,137,2015
73,79,Γ.Π.Α.Δ. ΠΕΛΟΠΟΝΝΗΣΟΥ,448,657,101,120,2015
50,52,Γ.Π.Α.Δ. ΣΤΕΡΕΑΣ ΕΛΛΑΔΑΣ,317,448,54,67,2015
46,49,Γ.Α.Δ. ΘΕΣΣΑΛΟΝΙΚΗΣ,1930,2419,46,54,2016
196,204,Γ.Α.Δ. ΑΤΤΙΚΗΣ,5447,6634,202,219,2016
41,46,Γ.Π.Α.Δ. ΑΝΑΤΟΛΙΚΗΣ ΜΑΚΕΔΟΝΙΑΣ ΚΑΙ ΘΡΑΚΗΣ,354,509,53,66,2016
17,17,Γ.Π.Α.Δ. ΒΟΡΕΙΟΥ ΑΙΓΑΙΟΥ,72,105,15,17,2016
57,59,Γ.Π.Α.Δ. ΔΥΤΙΚΗΣ ΕΛΛΑΔΑΣ,370,554,60,69,2016
13,15,Γ.Π.Α.Δ. ΔΥΤΙΚΗΣ ΜΑΚΕΔΟΝΙΑΣ ,68,106,9,10,2016
27,33,Γ.Π.Α.Δ. ΗΠΕΙΡΟΥ,61,116,32,36,2016
37,40,Γ.Π.Α.Δ. ΘΕΣΣΑΛΙΑΣ,140,222,38,45,2016
17,17,Γ.Π.Α.Δ. ΙΟΝΙΩΝ ΝΗΣΩΝ,154,192,18,21,2016
80,87,Γ.Π.Α.Δ. ΚΕΝΤΡΙΚΗΣ ΜΑΚΕΔΟΝΙΑΣ ,284,440,44,57,2016
59,65,Γ.Π.Α.Δ. ΚΡΗΤΗΣ,85,138,44,50,2016
41,43,Γ.Π.Α.Δ. ΝΟΤΙΟΥ ΑΙΓΑΙΟΥ,188,268,79,87,2016
63,69,Γ.Π.Α.Δ. ΠΕΛΟΠΟΝΝΗΣΟΥ,433,618,59,70,2016
59,61,Γ.Π.Α.Δ. ΣΤΕΡΕΑΣ ΕΛΛΑΔΑΣ,315,477,43,54,2016
51,57,Γ.Α.Δ. ΘΕΣΣΑΛΟΝΙΚΗΣ,1637,2036,30,36,2017
171,178,Γ.Α.Δ. ΑΤΤΙΚΗΣ,5260,6322,192,217,2017
38,41,ΓE.Π.Α.Δ. ΑΝΑΤΟΛΙΚΗΣ ΜΑΚΕΔΟΝΙΑΣ ΚΑΙ ΘΡΑΚΗΣ,299,431,39,45,2017
11,12,ΓE.Π.Α.Δ. ΒΟΡΕΙΟΥ ΑΙΓΑΙΟΥ,99,137,13,16,2017
59,69,ΓE.Π.Α.Δ. ΔΥΤΙΚΗΣ ΕΛΛΑΔΑΣ,386,548,49,54,2017
12,12,ΓE.Π.Α.Δ. ΔΥΤΙΚΗΣ ΜΑΚΕΔΟΝΙΑΣ ,55,79,9,11,2017
23,23,ΓE.Π.Α.Δ. ΗΠΕΙΡΟΥ,60,106,16,16,2017
46,48,ΓE.Π.Α.Δ. ΘΕΣΣΑΛΙΑΣ,135,224,29,33,2017
27,28,ΓE.Π.Α.Δ. ΙΟΝΙΩΝ ΝΗΣΩΝ,106,142,12,16,2017
49,50,ΓE.Π.Α.Δ. ΚΕΝΤΡΙΚΗΣ ΜΑΚΕΔΟΝΙΑΣ ,260,395,38,45,2017
45,48,ΓE.Π.Α.Δ. ΚΡΗΤΗΣ,63,126,36,42,2017
32,34,ΓE.Π.Α.Δ. ΝΟΤΙΟΥ ΑΙΓΑΙΟΥ,251,352,56,60,2017
60,65,ΓE.Π.Α.Δ. ΠΕΛΟΠΟΝΝΗΣΟΥ,415,616,48,58,2017
55,65,ΓE.Π.Α.Δ. ΣΤΕΡΕΑΣ ΕΛΛΑΔΑΣ,390,556,40,55,2017
36,37,Γ.Α.Δ. ΘΕΣΣΑΛΟΝΙΚΗΣ,1409,1817,31,35,2018
196,202,Γ.Α.Δ. ΑΤΤΙΚΗΣ,5198,6298,168,186,2018
33,45,Γ.Π.Α.Δ. ΑΝΑΤΟΛΙΚΗΣ ΜΑΚΕΔΟΝΙΑΣ ΚΑΙ ΘΡΑΚΗΣ,329,473,53,70,2018
13,14,Γ.Π.Α.Δ. ΒΟΡΕΙΟΥ ΑΙΓΑΙΟΥ,184,232,20,23,2018
58,61,Γ.Π.Α.Δ. ΔΥΤΙΚΗΣ ΕΛΛΑΔΑΣ,424,582,49,51,2018
19,22,Γ.Π.Α.Δ. ΔΥΤΙΚΗΣ ΜΑΚΕΔΟΝΙΑΣ ,40,69,5,8,2018
23,26,Γ.Π.Α.Δ. ΗΠΕΙΡΟΥ,82,124,15,17,2018
27,28,Γ.Π.Α.Δ. ΘΕΣΣΑΛΙΑΣ,129,205,39,43,2018
9,10,Γ.Π.Α.Δ. ΙΟΝΙΩΝ ΝΗΣΩΝ,90,119,15,16,2018
45,51,Γ.Π.Α.Δ. ΚΕΝΤΡΙΚΗΣ ΜΑΚΕΔΟΝΙΑΣ ,273,417,36,44,2018
44,48,Γ.Π.Α.Δ. ΚΡΗΤΗΣ,72,115,34,42,2018
45,50,Γ.Π.Α.Δ. ΝΟΤΙΟΥ ΑΙΓΑΙΟΥ,332,444,63,75,2018
57,63,Γ.Π.Α.Δ. ΠΕΛΟΠΟΝΝΗΣΟΥ,438,618,34,43,2018
50,52,Γ.Π.Α.Δ. ΣΤΕΡΕΑΣ ΕΛΛΑΔΑΣ,377,560,39,48,2018
56,58,Γ.Α.Δ. ΘΕΣΣΑΛΟΝΙΚΗΣ,1414,1768,31,38,2019
187,194,Γ.Α.Δ. ΑΤΤΙΚΗΣ,5393,6404,173,192,2019
40,47,ΓE.Π.Α.Δ. ΑΝΑΤΟΛΙΚΗΣ ΜΑΚΕΔΟΝΙΑΣ ΚΑΙ ΘΡΑΚΗΣ,338,475,29,34,2019
17,19,ΓE.Π.Α.Δ. ΒΟΡΕΙΟΥ ΑΙΓΑΙΟΥ,160,209,22,23,2019
54,57,ΓE.Π.Α.Δ. ΔΥΤΙΚΗΣ ΕΛΛΑΔΑΣ,362,494,37,41,2019
16,17,ΓE.Π.Α.Δ. ΔΥΤΙΚΗΣ ΜΑΚΕΔΟΝΙΑΣ ,47,68,5,8,2019
17,17,ΓE.Π.Α.Δ. ΗΠΕΙΡΟΥ,59,102,17,19,2019
38,40,ΓE.Π.Α.Δ. ΘΕΣΣΑΛΙΑΣ,157,232,34,39,2019
15,15,ΓE.Π.Α.Δ. ΙΟΝΙΩΝ ΝΗΣΩΝ,137,190,18,19,2019
45,48,ΓE.Π.Α.Δ. ΚΕΝΤΡΙΚΗΣ ΜΑΚΕΔΟΝΙΑΣ ,285,431,30,36,2019
46,49,ΓE.Π.Α.Δ. ΚΡΗΤΗΣ,75,131,35,43,2019
36,37,ΓE.Π.Α.Δ. ΝΟΤΙΟΥ ΑΙΓΑΙΟΥ,338,458,56,68,2019
59,61,ΓE.Π.Α.Δ. ΠΕΛΟΠΟΝΝΗΣΟΥ,375,541,31,36,2019
39,42,ΓE.Π.Α.Δ. ΣΤΕΡΕΑΣ ΕΛΛΑΔΑΣ,385,523,32,46,2019
